Word,Frequency
thinking,2
without,2
ways,2
though,2
miracle,2
man,2
absolutely,2
better,2
become,2
know,2
like,2
harry,1
choices,1
changed,1
process,1
created,1
live,1
two,1
one,1
life,1
nothing,1
everything,1
person,1
gentleman,1
lady,1
pleasure,1
truly,1
show,1
far,1
abilities,1
changing,1
world,1
imperfection,1
stupid,1
intolerably,1
must,1
novel,1
good,1
genius,1
ridiculous,1
try,1
boring,1
success,1
rather,1
value,1
hated,1
madness,1
beauty,1
failed,1
loved,1
wont,1
ive,1
work,1
woman,1
tea,1
found,1
bag,1
never,1
strong,1
hot,1
water,1
day,1
sunshine,1
night,1
